[{"id":"user-image-default-logo.png","publicUrl":"np://user.desktop.nicepage.com/Site_53002962/images/default-logo.png","size":1804,"fileName":"default-logo.png","name":"default-logo","width":80,"height":40,"thumbnail":{"url":"np://user.desktop.nicepage.com/Site_53002962/images/thumbnails/default-logo.png","width":80,"height":40,"length":1804},"usages":[]},{"id":"user-image-21.jpg","publicUrl":"np://user.desktop.nicepage.com/Site_53002962/images/21.jpg","size":472462,"hash":"uJuaB0b+2AS8FkBtG9MwsolGOyE=","fileName":"21.jpg","name":"21","width":1920,"height":1080,"thumbnail":{"url":"np://user.desktop.nicepage.com/Site_53002962/images/thumbnails/21.jpg","width":250,"height":141},"usages":["926923668"]},{"id":"user-image-31.jpg","publicUrl":"np://user.desktop.nicepage.com/Site_53002962/images/31.jpg","size":694396,"hash":"xjxpoJY6hcUXgh/x/YHD+j18ZWQ=","fileName":"31.jpg","name":"31","width":1920,"height":1080,"thumbnail":{"url":"np://user.desktop.nicepage.com/Site_53002962/images/thumbnails/31.jpg","width":250,"height":141},"usages":["926923668"]},{"id":"user-image-41.jpg","publicUrl":"np://user.desktop.nicepage.com/Site_53002962/images/41.jpg","size":610324,"hash":"YSa7DvXOAjRi9hpmR0SYhvhDfBU=","fileName":"41.jpg","name":"41","width":1920,"height":1080,"thumbnail":{"url":"np://user.desktop.nicepage.com/Site_53002962/images/thumbnails/41.jpg","width":250,"height":141},"usages":["926923668"]},{"id":"user-image-51.jpg","publicUrl":"np://user.desktop.nicepage.com/Site_53002962/images/51.jpg","size":550675,"hash":"vrhLeuWX+l9sdhhmkl4cWh1BQsc=","fileName":"51.jpg","name":"51","width":1920,"height":1080,"thumbnail":{"url":"np://user.desktop.nicepage.com/Site_53002962/images/thumbnails/51.jpg","width":250,"height":141},"usages":["926923668"]},{"id":"user-image-61.jpg","publicUrl":"np://user.desktop.nicepage.com/Site_53002962/images/61.jpg","size":549917,"hash":"s9xc8tQX+Cs1zSAVTYg3LQaEQH4=","fileName":"61.jpg","name":"61","width":1920,"height":1080,"thumbnail":{"url":"np://user.desktop.nicepage.com/Site_53002962/images/thumbnails/61.jpg","width":250,"height":141},"usages":["926923668"]},{"id":"user-image-71.jpg","publicUrl":"np://user.desktop.nicepage.com/Site_53002962/images/71.jpg","size":727671,"hash":"7coIH8skwTTFqcMsYi9igQhntuA=","fileName":"71.jpg","name":"71","width":1920,"height":1080,"thumbnail":{"url":"np://user.desktop.nicepage.com/Site_53002962/images/thumbnails/71.jpg","width":250,"height":141},"usages":["926923668"]},{"id":"user-image-81.jpg","publicUrl":"np://user.desktop.nicepage.com/Site_53002962/images/81.jpg","size":566785,"hash":"sRm0nM5ctHUPXdyl2vZMF4cELnQ=","fileName":"81.jpg","name":"81","width":1920,"height":1080,"thumbnail":{"url":"np://user.desktop.nicepage.com/Site_53002962/images/thumbnails/81.jpg","width":250,"height":141},"usages":["926923668"]},{"id":"user-image-91.jpg","publicUrl":"np://user.desktop.nicepage.com/Site_53002962/images/91.jpg","size":667398,"hash":"nIx1Oqj02YYO4gs483HAAxnSD9g=","fileName":"91.jpg","name":"91","width":1920,"height":1080,"thumbnail":{"url":"np://user.desktop.nicepage.com/Site_53002962/images/thumbnails/91.jpg","width":250,"height":141},"usages":["926923668"]},{"id":"user-image-101.jpg","publicUrl":"np://user.desktop.nicepage.com/Site_53002962/images/101.jpg","size":840598,"hash":"4djiJCFrnPTrs6q2leZkj6UtTbY=","fileName":"101.jpg","name":"101","width":1920,"height":1080,"thumbnail":{"url":"np://user.desktop.nicepage.com/Site_53002962/images/thumbnails/101.jpg","width":250,"height":141},"usages":["926923668"]}]